tools,file_size,Read CSV,Fill NA,Count,Groupby Count
modin,2154454260,11.460901260375977,0.004570722579956055,5.313986539840698,0.026593446731567383
polars,2154454260,0.8230631351470947,0.49986767768859863,0.0009667873382568359,0.18544530868530273
spark,2154454260,6.442651271820068,0.017366647720336914,1.385479211807251,0.025708675384521484
pandas,2154454260,16.15827465057373,1.4542803764343262,0.4780876636505127,0.7722280025482178
dask,2154454260,0.01116943359375,19.129182815551758,18.67054557800293,19.38364315032959
